<?xml version="1.0" encoding="UTF-8"?>
<configuration>

    <appender name="CONSOLE" class="ch.qos.logback.core.ConsoleAppender">
        <encoder>
            <pattern>%d{HH:mm:ss.SSS} [%thread] %-5level %logger{36} - %msg%n</pattern>
        </encoder>
    </appender>

    <root>
        <level value="debug"/>
        <appender-ref ref="CONSOLE"/>
    </root>

    <logger name="org.springframework">
        <level value="debug"/>
    </logger>

    <logger name="feign.Logger">
        <level value="debug"/>
    </logger>

    <include resource="logback-${josef.instance.name}.xml"/>

</configuration>